{
  "J2_ViewProductDetails" : {
    "transaction" : "J2_ViewProductDetails",
    "sampleCount" : 1394,
    "errorCount" : 7,
    "errorPct" : 0.5021521,
    "meanResTime" : 139.62984218077492,
    "medianResTime" : 128.0,
    "minResTime" : 1.0,
    "maxResTime" : 356.0,
    "pct1ResTime" : 188.5,
    "pct2ResTime" : 209.25,
    "pct3ResTime" : 244.0999999999999,
    "throughput" : 1.4299225133811615,
    "receivedKBytesPerSec" : 1.5541177412071048,
    "sentKBytesPerSec" : 0.17784276596661325
  },
  "Total" : {
    "transaction" : "Total",
    "sampleCount" : 5894,
    "errorCount" : 30,
    "errorPct" : 0.5089922,
    "meanResTime" : 412.7114014251782,
    "medianResTime" : 142.0,
    "minResTime" : 0.0,
    "maxResTime" : 720782.0,
    "pct1ResTime" : 241.0,
    "pct2ResTime" : 265.0,
    "pct3ResTime" : 323.0,
    "throughput" : 6.034458045466272,
    "receivedKBytesPerSec" : 20.082473840806102,
    "sentKBytesPerSec" : 1.2326061565242585
  },
  "J3_Login" : {
    "transaction" : "J3_Login",
    "sampleCount" : 297,
    "errorCount" : 1,
    "errorPct" : 0.33670035,
    "meanResTime" : 246.5353535353536,
    "medianResTime" : 235.0,
    "minResTime" : 1.0,
    "maxResTime" : 953.0,
    "pct1ResTime" : 297.0,
    "pct2ResTime" : 316.0,
    "pct3ResTime" : 361.03999999999996,
    "throughput" : 0.3043157506455183,
    "receivedKBytesPerSec" : 0.26831153748616743,
    "sentKBytesPerSec" : 0.11868122156645763
  },
  "J3_GetCategories" : {
    "transaction" : "J3_GetCategories",
    "sampleCount" : 1387,
    "errorCount" : 7,
    "errorPct" : 0.50468636,
    "meanResTime" : 139.23359769286213,
    "medianResTime" : 128.0,
    "minResTime" : 1.0,
    "maxResTime" : 325.0,
    "pct1ResTime" : 187.0,
    "pct2ResTime" : 211.5999999999999,
    "pct3ResTime" : 244.0,
    "throughput" : 1.4241021328675996,
    "receivedKBytesPerSec" : 1.1250822763584671,
    "sentKBytesPerSec" : 0.18956771390024302
  },
  "J1_ListProducts" : {
    "transaction" : "J1_ListProducts",
    "sampleCount" : 1401,
    "errorCount" : 7,
    "errorPct" : 0.49964312,
    "meanResTime" : 155.32619557458978,
    "medianResTime" : 138.0,
    "minResTime" : 0.0,
    "maxResTime" : 550.0,
    "pct1ResTime" : 221.0,
    "pct2ResTime" : 237.0,
    "pct3ResTime" : 301.96000000000004,
    "throughput" : 1.4343897239951593,
    "receivedKBytesPerSec" : 15.883659753619762,
    "sentKBytesPerSec" : 0.18815926832302335
  },
  "J3_CreateCart" : {
    "transaction" : "J3_CreateCart",
    "sampleCount" : 296,
    "errorCount" : 2,
    "errorPct" : 0.6756757,
    "meanResTime" : 146.06418918918925,
    "medianResTime" : 135.0,
    "minResTime" : 3.0,
    "maxResTime" : 344.0,
    "pct1ResTime" : 198.3,
    "pct2ResTime" : 224.14999999999998,
    "pct3ResTime" : 308.80999999999926,
    "throughput" : 0.3036803805033092,
    "receivedKBytesPerSec" : 0.25692163314897065,
    "sentKBytesPerSec" : 0.15523262904620766
  },
  "J2_ViewCart" : {
    "transaction" : "J2_ViewCart",
    "sampleCount" : 558,
    "errorCount" : 3,
    "errorPct" : 0.53763443,
    "meanResTime" : 2822.467741935484,
    "medianResTime" : 230.0,
    "minResTime" : 4.0,
    "maxResTime" : 720782.0,
    "pct1ResTime" : 281.0,
    "pct2ResTime" : 310.0999999999999,
    "pct3ResTime" : 388.50999999999965,
    "throughput" : 0.5725008746541141,
    "receivedKBytesPerSec" : 0.49524724240282103,
    "sentKBytesPerSec" : 0.1812811226813971
  },
  "J2_Login" : {
    "transaction" : "J2_Login",
    "sampleCount" : 561,
    "errorCount" : 3,
    "errorPct" : 0.53475934,
    "meanResTime" : 241.98752228164,
    "medianResTime" : 231.0,
    "minResTime" : 0.0,
    "maxResTime" : 751.0,
    "pct1ResTime" : 284.8,
    "pct2ResTime" : 313.0,
    "pct3ResTime" : 374.0799999999999,
    "throughput" : 0.5745337162192609,
    "receivedKBytesPerSec" : 0.507228549141067,
    "sentKBytesPerSec" : 0.2235751295005141
  }
}